{"activityEntities":[],"modifiedDate":"2024-08-03T20:49:00Z","version":"1.0","preferredFilename":"Vix Data CSV.csv","dataPathRelativeToProjectURL":"..\/Vix%20Data%20CSV.csv\/","pathType":0,"experimentIDs":["09265608-CD51-4527-9F45-0CE00D517EF6"],"id":"98B6A8E1-2037-4775-B3A0-E1A70728B273","dataResult":{"dataURL":"file:\/\/\/Users\/stevenlyell\/Desktop\/Vix%20Data%20CSV.csv","createdDate":"2024-08-03T20:49:00Z","dataSourceID":"98B6A8E1-2037-4775-B3A0-E1A70728B273"},"title":"Vix Data CSV.csv","createdDate":"2024-08-03T20:49:00Z","dataURL":"file:\/\/\/Users\/stevenlyell\/Desktop\/Vix%20Data%20CSV.csv"}