{"activityEntities":["dataSourceMetrics",[{"id":"BBE9F1FE-3507-4CCD-B6B4-BD10E6C51AFD","event":"dataSourceMetrics","title":"Data Summary","createdDate":"2024-08-03T20:54:51Z","subtitle":"22 Items"}],"dataSourceTrainingStarted",[{"event":"dataSourceTrainingStarted","title":"Used By","subtitle":"VixDataJuly2024 1","createdDate":"2024-08-03T20:54:51Z","id":"92C127B9-2314-4017-8F5F-0CEA43EAE931"}]],"modifiedDate":"2024-08-03T20:54:51Z","version":"1.0","preferredFilename":"VixDataCSV.csv","dataPathRelativeToProjectURL":"..\/VixDataCSV.csv\/","pathType":0,"experimentIDs":["09265608-CD51-4527-9F45-0CE00D517EF6"],"id":"A4CF7F42-6C3E-4002-B1C1-40262774CB79","dataResult":{"dataURL":"file:\/\/\/Users\/stevenlyell\/Desktop\/VixDataCSV.csv","createdDate":"2024-08-03T20:54:11Z","dataSourceID":"A4CF7F42-6C3E-4002-B1C1-40262774CB79"},"title":"VixDataCSV.csv","createdDate":"2024-08-03T20:54:11Z","dataURL":"file:\/\/\/Users\/stevenlyell\/Desktop\/VixDataCSV.csv"}