{"evaluationContainerEntity":{"previewType":"tabularRegressor","trainingEvaluationEntity":{"dataResult":{"dataAnalysis":{"summary":{"canUseValidation":0,"sampleCount":22},"issues":[{"severity":"info","description":"Data has 22 rows"}],"classifierAnalysis":{},"regressorAnalysis":{"targetRange":[12.03,18.46]}},"itemsCount":22,"targetRange":[12.03,18.46],"dataSourceID":"A4CF7F42-6C3E-4002-B1C1-40262774CB79","createdDate":"2024-08-03T20:49:00Z","dataURL":"file:\/\/\/Users\/stevenlyell\/Desktop\/VixDataCSV.csv"},"analysedDataType":"none","id":"3d00c09a-e4a2-465b-b66a-5c8c8a0bf973","createdDate":"2024-08-03T20:43:32Z","evaluationResult":{"generalRegressor":{"maximumError":0.027810058593750853,"rootMeanSquaredError":0.00914114246175878}},"dataSourceID":"A4CF7F42-6C3E-4002-B1C1-40262774CB79"},"validationEvaluationEntity":{"analysedDataType":"auto","id":"f0cd3e5f-ecdb-4a22-9173-1a3ff95bfbad","createdDate":"2024-08-03T20:43:32Z","evaluationResult":{"generalRegressor":{"maximumError":0.5553808593749991,"rootMeanSquaredError":0.406918868464452}},"dataResult":{"createdDate":"2024-08-03T20:49:00Z"}},"createdDate":"2024-08-03T20:56:00Z","evaluationEntities":[{"analysedDataType":"none","dataResult":{},"id":"1b3b5a84-c747-42b3-9feb-37580ac1d8f7","createdDate":"2024-08-03T20:54:54Z"}],"testingEvaluationEntity":{"createdDate":"2024-08-03T20:43:32Z","id":"d1bd34e1-83ca-41fb-9277-d0b95a65cea1","dataResult":{"createdDate":"2024-08-03T20:49:00Z"},"analysedDataType":"none"},"id":"e671142e-848a-413b-ba23-76c265bc0245","modifiedDate":"2024-08-03T20:56:00Z"},"trainingEntity":{"analysedDataType":"datasource","dataSourceID":"A4CF7F42-6C3E-4002-B1C1-40262774CB79","startTime":"2024-08-03T20:54:51Z","progress":[],"featureExtractionCheckpointMayBeAvailable":false,"finishTime":"2024-08-03T20:54:51Z","snapshottableCheckpoints":{},"checkpointMetrics":{},"trainingAccuracy":0.00914114246175878,"dataResult":{"dataURL":"file:\/\/\/Users\/stevenlyell\/Desktop\/VixDataCSV.csv","columnTypes":["String","Double","Double","Double","Double","Double"],"columnValues":["Jul 31, 2024, Jul 30, 2024, Jul 29, 2024, Jul 26, 2024, Jul 25, 2024, Jul 24, 2024, Jul 23, 2024, Jul 22, 2024, Jul 19, 2024, Jul 18, 2024, Jul 17, 2024, Jul 16, 2024, Jul 15, 2024, Jul 12, 2024, Jul 11, 2024, Jul 10, 2024, Jul 9, 2024, Jul 8, 2024, Jul 5, 2024, Jul 3, 2024, Jul 2, 2024, Jul 1, 2024","16.66, 16.64, 16.59, 17.97, 18.41, 15.35, 15.21, 16.79, 16.44, 14.27, 13.60, 13.38, 12.78, 12.87, 12.88, 12.51, 12.48, 12.91, 12.37, 12.13, 12.67, 12.98","16.77, 18.32, 17.21, 18.05, 19.36, 18.46, 15.35, 16.89, 17.19, 16.43, 14.88, 13.47, 13.26, 12.89, 13.33, 12.92, 12.61, 12.91, 12.61, 12.23, 12.88, 13.26","15.71, 16.26, 16.23, 16.37, 16.42, 15.18, 13.90, 14.75, 10.62, 14.08, 13.54, 12.95, 12.75, 12.11, 12.23, 12.39, 12.35, 12.31, 11.84, 11.95, 11.85, 12.10","16.36, 17.69, 16.60, 16.39, 18.46, 18.04, 14.72, 14.91, 16.52, 15.93, 14.48, 13.19, 13.12, 12.46, 12.92, 12.85, 12.51, 12.37, 12.48, 12.09, 12.03, 12.22","16.36, 17.69, 16.60, 16.39, 18.46, 18.04, 14.72, 14.91, 16.52, 15.93, 14.48, 13.19, 13.12, 12.46, 12.92, 12.85, 12.51, 12.37, 12.48, 12.09, 12.03, 12.22"],"dataAnalysis":{"issues":[{"description":"Data has 22 rows","severity":"info"}],"regressorAnalysis":{"targetRange":[12.03,18.46]},"classifierAnalysis":{},"summary":{"canUseValidation":0,"sampleCount":22}},"targetRange":[12.03,18.46],"createdDate":"2024-08-03T20:49:00Z","dataSourceID":"A4CF7F42-6C3E-4002-B1C1-40262774CB79","itemsCount":22,"columns":["Date","Open","High","Low","Close","Adj Close"]},"trainingResults":{"generalRegressor":{"rootMeanSquaredError":0.00914114246175878,"maximumError":0.027810058593750853}},"validationResults":{"generalRegressor":{"rootMeanSquaredError":0.406918868464452,"maximumError":0.5553808593749991}},"validationAccuracy":0.406918868464452},"contentDataResult":{"createdDate":"2024-08-03T20:49:00Z"},"evaluationEntity":{"id":"137b7d3f-2587-454d-9ff2-68e94ece01c5","analysedDataType":"none","dataResult":{}},"id":"09265608-CD51-4527-9F45-0CE00D517EF6","modelEntity":{"experimentID":"09265608-CD51-4527-9F45-0CE00D517EF6","modelURL":"Models\/VixDataJuly2024Automatic.mlmodel\/","title":"","version":"1.0","modifiedDate":"2024-08-03T20:43:32Z","preferredFilename":"","createdDate":"2024-08-03T20:43:32Z","id":"97F71E3A-4841-45E4-8980-56A2BF2678B8"},"title":"VixDataJuly2024 1","snapshotRole":{"withoutSnapshots":0},"modifiedDate":"2024-08-03T20:56:00Z","preferredFilename":"VixDataJuly2024Automatic","version":"1.0","createdDate":"2024-08-03T20:43:32Z","settingEntity":{"taskType":"generalRegresor","harVideoAugmentations":0,"handPoseClassifierAugmentations":[],"suggestedColumnValues":["Jul 31, 2024, Jul 30, 2024, Jul 29, 2024, Jul 26, 2024, Jul 25, 2024, Jul 24, 2024, Jul 23, 2024, Jul 22, 2024, Jul 19, 2024, Jul 18, 2024, Jul 17, 2024, Jul 16, 2024, Jul 15, 2024, Jul 12, 2024, Jul 11, 2024, Jul 10, 2024, Jul 9, 2024, Jul 8, 2024, Jul 5, 2024, Jul 3, 2024, Jul 2, 2024, Jul 1, 2024","16.66, 16.64, 16.59, 17.97, 18.41, 15.35, 15.21, 16.79, 16.44, 14.27, 13.60, 13.38, 12.78, 12.87, 12.88, 12.51, 12.48, 12.91, 12.37, 12.13, 12.67, 12.98","16.77, 18.32, 17.21, 18.05, 19.36, 18.46, 15.35, 16.89, 17.19, 16.43, 14.88, 13.47, 13.26, 12.89, 13.33, 12.92, 12.61, 12.91, 12.61, 12.23, 12.88, 13.26","15.71, 16.26, 16.23, 16.37, 16.42, 15.18, 13.90, 14.75, 10.62, 14.08, 13.54, 12.95, 12.75, 12.11, 12.23, 12.39, 12.35, 12.31, 11.84, 11.95, 11.85, 12.10","16.36, 17.69, 16.60, 16.39, 18.46, 18.04, 14.72, 14.91, 16.52, 15.93, 14.48, 13.19, 13.12, 12.46, 12.92, 12.85, 12.51, 12.37, 12.48, 12.09, 12.03, 12.22","16.36, 17.69, 16.60, 16.39, 18.46, 18.04, 14.72, 14.91, 16.52, 15.93, 14.48, 13.19, 13.12, 12.46, 12.92, 12.85, 12.51, 12.37, 12.48, 12.09, 12.03, 12.22"],"generalRegressorType":{"auto":{}},"handActionClassifierAugmentations":[],"suggestedColumnTypes":["String","Double","Double","Double","Double","Double"],"featureNames":["Date","Open","High","Low","Adj Close"],"augmentations":[],"algorithmType":"maxEnt","suggestedColumns":["Date","Open","High","Low","Close","Adj Close"],"styleTransferAlgorithmType":"image","transferLearningEmbeddingType":"dynamic","targetColumn":"Close","seedType":"default"},"state":"trained","validationEntity":{"dataResult":{"createdDate":"2024-08-03T20:49:00Z"},"analysedDataType":"auto"},"evaluationState":"uninitialized","activityEntities":["trainingFinished",[{"subtitle":"VixDataJuly2024Automatic","title":"Training Completed","createdDate":"2024-08-03T20:54:51Z","id":"46E3A792-7BF9-4C02-B644-4E8A8303031B","event":"trainingFinished"}],"trainingDataAdded",[{"subtitle":"VixDataCSV.csv","id":"052F0B29-BD73-4FA0-B3B7-E3A952C77C36","createdDate":"2024-08-03T20:54:11Z","event":"trainingDataAdded","title":"Training Data Added"}],"trainingStarted",[{"event":"trainingStarted","id":"24BECB33-023E-47E6-AE56-10A5D4FB11A7","subtitle":"VixDataJuly2024Automatic","title":"Training Started","createdDate":"2024-08-03T20:54:51Z"}],"experimentCreated",[{"subtitle":"VixDataJuly2024Automatic","title":"Model Source Created","event":"experimentCreated","createdDate":"2024-08-03T20:43:32Z","id":"2C58E3BF-3DCE-439A-BD14-3F8635A8C4B9"}]]}